tick,utilization,queue_depth,borrowed_gpu
0,0.0,0,0.0
1,0.0,0,0.0
2,0.0,0,0.0
3,0.0,0,0.0
4,0.0,0,0.0
5,0.0,0,0.0
6,0.0,0,0.0
7,0.0,0,0.0
8,0.0,0,0.0
9,0.0,0,0.0
10,0.0,0,0.0
11,0.0,0,0.0
12,0.0,2,0.0
13,0.075,2,0.0
14,0.075,2,0.0
15,0.075,2,0.0
16,0.075,0,0.0
17,0.1,0,0.0
18,0.1,0,0.0
19,0.1,0,0.0
20,0.1,0,0.0
21,0.15,0,0.0
22,0.15,0,0.0
23,0.15,0,0.0
24,0.175,0,0.0
25,0.175,0,0.0
26,0.175,0,0.0
27,0.275,0,0.0
28,0.275,0,0.0
29,0.275,0,0.0
30,0.275,0,0.0
31,0.275,0,0.0
32,0.275,0,1.0
33,0.275,0,1.0
34,0.325,0,1.0
35,0.325,0,1.0
36,0.325,1,3.0
37,0.3,1,3.0
38,0.3,1,3.0
39,0.35,1,3.0
40,0.35,1,3.0
41,0.35,1,3.0
42,0.35,1,3.0
43,0.325,1,3.0
44,0.4,1,3.0
45,0.4,1,3.0
46,0.375,1,3.0
47,0.375,1,3.0
48,0.35,2,4.0
49,0.4,2,4.0
50,0.4,2,4.0
51,0.4,2,4.0
52,0.35,1,4.0
53,0.45,1,4.0
54,0.45,1,4.0
55,0.425,1,4.0
56,0.425,1,5.0
57,0.4,1,5.0
58,0.4,1,5.0
59,0.4,1,5.0
60,0.4,1,5.0
61,0.375,1,5.0
62,0.375,1,5.0
63,0.425,1,5.0
64,0.425,1,4.0
65,0.375,1,4.0
66,0.375,1,4.0
67,0.4,1,4.0
68,0.4,3,5.0
69,0.4,3,5.0
70,0.425,3,5.0
71,0.4,3,5.0
72,0.45,3,6.0
73,0.45,3,6.0
74,0.425,3,6.0
75,0.425,3,6.0
76,0.4,3,6.0
77,0.375,3,6.0
78,0.4,3,6.0
79,0.4,3,6.0
80,0.4,5,6.0
81,0.4,5,6.0
82,0.425,5,6.0
83,0.4,6,6.0
84,0.4,5,4.0
85,0.4,5,4.0
86,0.475,5,4.0
87,0.45,5,4.0
88,0.5,6,8.0
89,0.5,6,8.0
90,0.525,5,8.0
91,0.55,5,8.0
92,0.5,5,8.0
93,0.5,5,8.0
94,0.6,5,8.0
95,0.625,5,8.0
96,0.6,4,7.0
97,0.6,4,7.0
98,0.6,4,7.0
99,0.65,4,7.0
100,0.65,4,6.0
101,0.65,4,6.0
102,0.675,4,6.0
103,0.675,4,6.0
104,0.625,4,7.0
105,0.625,4,7.0
106,0.625,4,7.0
107,0.6,4,7.0
108,0.6,5,7.0
109,0.575,5,7.0
110,0.575,5,7.0
111,0.575,5,7.0
112,0.575,7,7.0
113,0.575,7,7.0
114,0.575,7,7.0
115,0.575,7,7.0
116,0.575,6,6.0
117,0.575,6,6.0
118,0.575,6,6.0
119,0.575,6,6.0
120,0.525,6,5.0
121,0.575,6,5.0
122,0.575,6,5.0
123,0.525,6,5.0
124,0.525,7,5.0
125,0.525,7,5.0
126,0.525,7,5.0
127,0.525,7,5.0
128,0.625,5,4.0
129,0.625,5,4.0
130,0.625,5,4.0
131,0.625,5,4.0
132,0.625,6,6.0
133,0.675,6,6.0
134,0.675,6,6.0
135,0.675,6,6.0
136,0.675,6,6.0
137,0.65,7,6.0
138,0.675,6,6.0
139,0.675,6,6.0
140,0.675,7,7.0
141,0.65,7,7.0
142,0.65,7,7.0
143,0.65,7,7.0
144,0.65,10,6.0
145,0.7,10,6.0
146,0.65,10,6.0
147,0.65,10,6.0
148,0.65,8,6.0
149,0.65,8,6.0
150,0.675,8,6.0
151,0.675,8,6.0
152,0.675,8,8.0
153,0.675,8,8.0
154,0.75,8,8.0
155,0.75,8,8.0
156,0.725,5,9.0
157,0.65,5,9.0
158,0.65,5,9.0
159,0.7,5,9.0
160,0.7,6,9.0
161,0.7,6,9.0
162,0.675,6,9.0
163,0.7,6,9.0
164,0.675,6,8.0
165,0.675,6,8.0
166,0.725,6,8.0
167,0.725,6,8.0
168,0.7,6,8.0
169,0.7,6,8.0
170,0.7,6,8.0
171,0.725,6,8.0
172,0.725,5,8.0
173,0.725,5,8.0
174,0.7,5,8.0
175,0.7,5,8.0
176,0.7,5,8.0
177,0.7,5,8.0
178,0.7,5,8.0
179,0.7,5,8.0
180,0.7,5,7.0
181,0.675,5,7.0
182,0.675,5,7.0
183,0.675,5,7.0
184,0.675,9,7.0
185,0.675,9,7.0
186,0.725,8,7.0
187,0.725,8,7.0
188,0.725,7,7.0
189,0.725,7,7.0
190,0.725,8,7.0
191,0.725,8,7.0
192,0.725,9,8.0
193,0.725,9,8.0
194,0.675,9,8.0
195,0.7,8,8.0
196,0.7,9,9.0
197,0.7,9,9.0
198,0.7,9,9.0
199,0.7,9,9.0
200,0.675,14,8.0
201,0.775,14,8.0
202,0.775,14,8.0
203,0.725,14,8.0
204,0.75,17,7.0
205,0.775,17,7.0
206,0.725,17,7.0
207,0.725,17,7.0
208,0.775,18,6.0
209,0.775,18,6.0
210,0.725,18,6.0
211,0.85,18,6.0
212,0.85,13,6.0
213,0.875,13,6.0
214,0.85,13,6.0
215,0.85,13,6.0
216,0.85,15,8.0
217,0.85,15,8.0
218,0.85,15,8.0
219,0.8,15,8.0
220,0.75,17,6.0
221,0.75,18,6.0
222,0.775,18,6.0
223,0.75,18,6.0
224,0.75,19,6.0
225,0.75,19,6.0
226,0.775,19,6.0
227,0.8,19,6.0
228,0.825,18,6.0
229,0.825,18,6.0
230,0.9,18,6.0
231,0.9,18,6.0
232,0.875,16,10.0
233,0.875,15,10.0
234,0.875,15,10.0
235,0.875,15,10.0
236,0.875,15,10.0
237,0.875,15,10.0
238,0.825,15,10.0
239,0.75,15,10.0
240,0.825,12,10.0
241,0.825,12,10.0
242,0.775,12,10.0
243,0.775,12,10.0
244,0.775,12,8.0
245,0.75,12,8.0
246,0.75,12,8.0
247,0.8,12,8.0
248,0.775,11,7.0
249,0.775,11,7.0
250,0.775,12,7.0
251,0.775,12,7.0
252,0.775,12,7.0
253,0.8,12,7.0
254,0.8,12,7.0
255,0.8,12,7.0
256,0.75,13,8.0
257,0.75,13,8.0
258,0.75,13,8.0
259,0.75,13,8.0
260,0.75,13,8.0
261,0.75,13,8.0
262,0.75,13,8.0
263,0.725,13,8.0
264,0.725,14,7.0
265,0.725,14,7.0
266,0.725,14,7.0
267,0.725,14,7.0
268,0.725,13,9.0
269,0.725,13,9.0
270,0.725,13,9.0
271,0.725,13,9.0
272,0.725,14,9.0
273,0.675,14,9.0
274,0.675,14,9.0
275,0.675,13,9.0
276,0.675,13,7.0
277,0.725,13,7.0
278,0.7,13,7.0
279,0.675,13,7.0
280,0.675,11,6.0
281,0.725,12,6.0
282,0.725,12,6.0
283,0.725,12,6.0
284,0.75,8,6.0
285,0.75,8,6.0
286,0.725,8,6.0
287,0.75,8,6.0
288,0.75,7,10.0
289,0.75,7,10.0
290,0.75,7,10.0
291,0.75,7,10.0
292,0.7,8,11.0
293,0.7,8,11.0
294,0.7,8,11.0
295,0.7,8,11.0
296,0.7,7,10.0
297,0.725,7,10.0
298,0.725,7,10.0
299,0.725,7,10.0
300,0.7,7,12.0
301,0.675,7,12.0
302,0.675,7,12.0
303,0.625,7,12.0
304,0.625,7,12.0
305,0.6,7,12.0
306,0.6,7,12.0
307,0.6,7,12.0
308,0.6,7,12.0
309,0.65,7,12.0
310,0.65,7,12.0
311,0.675,7,12.0
312,0.675,5,12.0
313,0.65,5,12.0
314,0.65,5,12.0
315,0.65,5,12.0
316,0.625,5,11.0
317,0.625,5,11.0
318,0.625,5,11.0
319,0.625,5,11.0
320,0.6,9,11.0
321,0.6,9,11.0
322,0.6,9,11.0
323,0.6,9,11.0
324,0.55,11,10.0
325,0.575,12,10.0
326,0.575,12,10.0
327,0.55,12,10.0
328,0.525,10,12.0
329,0.525,10,12.0
330,0.525,10,12.0
331,0.525,10,12.0
332,0.625,11,12.0
333,0.625,11,12.0
334,0.625,11,12.0
335,0.575,11,12.0
336,0.55,13,12.0
337,0.55,13,12.0
338,0.55,13,12.0
339,0.575,13,12.0
340,0.625,12,13.0
341,0.6,12,13.0
342,0.6,12,13.0
343,0.55,11,13.0
344,0.6,10,12.0
345,0.55,10,12.0
346,0.55,10,12.0
347,0.55,10,12.0
348,0.65,7,10.0
349,0.6,7,10.0
350,0.6,7,10.0
351,0.6,7,10.0
352,0.6,7,10.0
353,0.6,7,10.0
354,0.625,7,10.0
355,0.625,7,10.0
356,0.625,7,11.0
357,0.6,7,11.0
358,0.575,7,11.0
359,0.575,7,11.0
360,0.575,8,11.0
361,0.6,8,11.0
362,0.6,8,11.0
363,0.6,8,11.0
364,0.625,8,11.0
365,0.625,8,11.0
366,0.625,8,11.0
367,0.6,8,11.0
368,0.6,7,9.0
369,0.6,7,9.0
370,0.6,7,9.0
371,0.6,7,9.0
372,0.525,10,7.0
373,0.5,10,7.0
374,0.55,10,7.0
375,0.55,10,7.0
376,0.55,9,6.0
377,0.525,9,6.0
378,0.55,9,6.0
379,0.55,9,6.0
380,0.525,9,6.0
381,0.55,9,6.0
382,0.575,9,6.0
383,0.5,9,6.0
384,0.55,9,7.0
385,0.575,9,7.0
386,0.55,9,7.0
387,0.525,9,7.0
388,0.525,8,7.0
389,0.525,8,7.0
390,0.575,8,7.0
391,0.575,8,7.0
392,0.575,8,8.0
393,0.55,8,8.0
394,0.6,8,8.0
395,0.6,8,8.0
396,0.575,5,9.0
397,0.575,5,9.0
398,0.6,5,9.0
399,0.625,5,9.0
400,0.625,6,8.0
401,0.675,6,8.0
402,0.6,6,8.0
403,0.6,6,8.0
404,0.525,6,9.0
405,0.5,6,9.0
406,0.5,6,9.0
407,0.525,6,9.0
408,0.5,7,7.0
409,0.5,7,7.0
410,0.475,7,7.0
411,0.45,7,7.0
412,0.45,12,7.0
413,0.425,12,7.0
414,0.425,12,7.0
415,0.45,12,7.0
416,0.475,12,8.0
417,0.475,12,8.0
418,0.5,12,8.0
419,0.5,12,8.0
420,0.625,10,10.0
421,0.625,10,10.0
422,0.675,10,10.0
423,0.65,10,10.0
424,0.65,11,8.0
425,0.6,11,8.0
426,0.6,11,8.0
427,0.6,11,8.0
428,0.575,11,8.0
429,0.575,11,8.0
430,0.55,11,8.0
431,0.525,11,8.0
432,0.575,11,7.0
433,0.625,11,7.0
434,0.625,11,7.0
435,0.65,11,7.0
436,0.65,11,6.0
437,0.65,11,6.0
438,0.65,11,6.0
439,0.65,11,6.0
440,0.675,10,6.0
441,0.6,10,6.0
442,0.6,10,6.0
443,0.575,10,6.0
444,0.575,11,5.0
445,0.525,11,5.0
446,0.525,11,5.0
447,0.575,11,5.0
448,0.575,13,5.0
449,0.575,13,5.0
450,0.45,13,5.0
451,0.5,13,5.0
452,0.5,12,4.0
453,0.525,12,4.0
454,0.55,12,4.0
455,0.525,12,4.0
456,0.475,10,4.0
457,0.55,10,4.0
458,0.55,10,4.0
459,0.55,10,4.0
460,0.55,14,5.0
461,0.55,14,5.0
462,0.6,14,5.0
463,0.675,14,5.0
464,0.675,12,9.0
465,0.675,12,9.0
466,0.65,12,9.0
467,0.65,12,9.0
468,0.65,12,9.0
469,0.65,12,9.0
470,0.7,12,9.0
471,0.725,12,9.0
472,0.725,11,11.0
473,0.75,11,11.0
474,0.75,11,11.0
475,0.725,11,11.0
476,0.725,11,11.0
477,0.75,11,11.0
478,0.775,11,11.0
479,0.75,11,11.0
480,0.7,11,12.0
481,0.7,11,12.0
482,0.7,11,12.0
483,0.7,11,12.0
484,0.7,12,11.0
485,0.725,12,11.0
486,0.7,12,11.0
487,0.675,12,11.0
488,0.675,12,11.0
489,0.725,12,11.0
490,0.725,12,11.0
491,0.7,12,11.0
492,0.7,11,11.0
493,0.675,11,11.0
494,0.725,11,11.0
495,0.675,11,11.0
496,0.675,11,11.0
497,0.675,11,11.0
498,0.6,11,11.0
499,0.575,11,11.0
500,0.65,10,11.0
501,0.625,10,11.0
502,0.6,10,11.0
503,0.625,10,11.0
504,0.6,12,8.0
505,0.6,12,8.0
506,0.625,12,8.0
507,0.65,12,8.0
508,0.625,10,9.0
509,0.625,10,9.0
510,0.625,10,9.0
511,0.55,10,9.0
512,0.5,10,7.0
513,0.5,10,7.0
514,0.425,10,7.0
515,0.425,10,7.0
516,0.4,10,6.0
517,0.45,10,6.0
518,0.425,10,6.0
519,0.425,10,6.0
520,0.5,10,7.0
521,0.475,10,7.0
522,0.475,10,7.0
523,0.475,10,7.0
524,0.475,10,4.0
525,0.5,10,4.0
526,0.55,10,4.0
527,0.55,10,4.0
528,0.55,9,4.0
529,0.55,9,4.0
530,0.525,9,4.0
531,0.55,9,4.0
532,0.55,8,5.0
533,0.55,8,5.0
534,0.575,8,5.0
535,0.575,8,5.0
536,0.525,8,6.0
537,0.525,8,6.0
538,0.525,8,6.0
539,0.525,8,6.0
540,0.525,8,6.0
541,0.5,9,6.0
542,0.55,8,6.0
543,0.55,8,6.0
544,0.55,9,6.0
545,0.55,10,6.0
546,0.55,10,6.0
547,0.55,10,6.0
548,0.55,10,5.0
549,0.6,10,5.0
550,0.6,10,5.0
551,0.6,10,5.0
552,0.6,8,5.0
553,0.6,8,5.0
554,0.575,7,5.0
555,0.65,7,5.0
556,0.65,7,5.0
557,0.65,7,5.0
558,0.65,7,5.0
559,0.65,7,5.0
560,0.6,7,4.0
561,0.6,7,4.0
562,0.65,7,4.0
563,0.65,7,4.0
564,0.675,6,5.0
565,0.65,6,5.0
566,0.6,6,5.0
567,0.6,6,5.0
568,0.65,4,4.0
569,0.625,4,4.0
570,0.65,4,4.0
571,0.6,4,4.0
572,0.6,4,5.0
573,0.65,4,5.0
574,0.65,4,5.0
575,0.65,4,5.0
576,0.6,3,3.0
577,0.6,3,3.0
578,0.65,3,3.0
579,0.65,3,3.0
580,0.7,1,5.0
581,0.7,1,5.0
582,0.675,1,5.0
583,0.675,1,5.0
584,0.65,1,6.0
585,0.65,1,6.0
586,0.65,1,6.0
587,0.675,1,6.0
588,0.675,1,7.0
589,0.675,1,7.0
590,0.675,1,7.0
591,0.675,1,7.0
592,0.675,1,6.0
593,0.675,1,6.0
594,0.675,1,6.0
595,0.675,1,6.0
596,0.675,1,6.0
597,0.675,1,6.0
598,0.7,1,6.0
599,0.7,1,6.0
600,0.7,1,6.0
601,0.625,1,6.0
602,0.625,1,6.0
603,0.625,1,6.0
604,0.575,1,7.0
605,0.575,1,7.0
606,0.575,1,7.0
607,0.6,1,7.0
608,0.575,2,7.0
609,0.55,2,7.0
610,0.55,2,7.0
611,0.55,2,7.0
612,0.525,2,5.0
613,0.55,2,5.0
614,0.55,2,5.0
615,0.55,2,5.0
616,0.55,2,5.0
617,0.525,2,5.0
618,0.525,2,5.0
619,0.525,2,5.0
620,0.525,2,4.0
621,0.525,2,4.0
622,0.525,2,4.0
623,0.525,2,4.0
624,0.525,4,4.0
625,0.55,4,4.0
626,0.575,5,4.0
627,0.6,4,4.0
628,0.6,3,4.0
629,0.6,3,4.0
630,0.6,3,4.0
631,0.6,3,4.0
632,0.575,3,6.0
633,0.65,4,6.0
634,0.65,4,6.0
635,0.65,4,6.0
636,0.65,4,9.0
637,0.625,4,9.0
638,0.65,3,9.0
639,0.65,3,9.0
640,0.65,3,8.0
641,0.625,3,8.0
642,0.625,3,8.0
643,0.6,3,8.0
644,0.6,5,9.0
645,0.7,5,9.0
646,0.7,5,9.0
647,0.675,5,9.0
648,0.7,3,9.0
649,0.7,3,9.0
650,0.7,3,9.0
651,0.7,3,9.0
652,0.7,3,11.0
653,0.7,3,11.0
654,0.725,3,11.0
655,0.725,3,11.0
656,0.725,3,11.0
657,0.725,3,11.0
658,0.7,3,11.0
659,0.675,3,11.0
660,0.625,4,11.0
661,0.625,4,11.0
662,0.625,4,11.0
663,0.625,4,11.0
664,0.625,4,11.0
665,0.625,4,11.0
666,0.625,4,11.0
667,0.7,4,11.0
668,0.675,4,9.0
669,0.675,4,9.0
670,0.675,4,9.0
671,0.675,4,9.0
672,0.675,5,9.0
673,0.675,5,9.0
674,0.675,5,9.0
675,0.65,5,9.0
676,0.625,4,9.0
677,0.65,4,9.0
678,0.625,4,9.0
679,0.625,4,9.0
680,0.6,10,9.0
681,0.6,10,9.0
682,0.65,10,9.0
683,0.65,10,9.0
684,0.65,10,10.0
685,0.675,10,10.0
686,0.675,11,10.0
687,0.675,11,10.0
688,0.65,10,10.0
689,0.65,10,10.0
690,0.65,10,10.0
691,0.6,10,10.0
692,0.6,11,10.0
693,0.6,11,10.0
694,0.625,11,10.0
695,0.65,11,10.0
696,0.625,13,9.0
697,0.625,13,9.0
698,0.65,13,9.0
699,0.65,13,9.0
700,0.7,14,9.0
701,0.675,14,9.0
702,0.675,14,9.0
703,0.675,14,9.0
704,0.675,14,10.0
705,0.675,14,10.0
706,0.675,14,10.0
707,0.725,14,10.0
708,0.725,14,11.0
709,0.725,14,11.0
710,0.725,14,11.0
711,0.725,14,11.0
712,0.725,15,11.0
713,0.725,15,11.0
714,0.725,15,11.0
715,0.775,15,11.0
716,0.775,15,11.0
717,0.775,15,11.0
718,0.775,15,11.0
719,0.775,15,11.0
720,0.775,16,11.0
721,0.75,16,11.0
722,0.75,16,11.0
723,0.8,16,11.0
724,0.8,17,11.0
725,0.8,17,11.0
726,0.8,17,11.0
727,0.7,17,11.0
728,0.7,19,11.0
729,0.7,19,11.0
730,0.7,19,11.0
731,0.8,19,11.0
732,0.8,18,11.0
733,0.775,18,11.0
734,0.825,18,11.0
735,0.825,18,11.0
736,0.825,16,10.0
737,0.825,16,10.0
738,0.775,16,10.0
739,0.775,16,10.0
740,0.775,16,9.0
741,0.775,17,9.0
742,0.775,17,9.0
743,0.775,17,9.0
744,0.775,16,10.0
745,0.775,16,10.0
746,0.775,16,10.0
747,0.725,16,10.0
748,0.725,14,9.0
749,0.725,14,9.0
750,0.7,14,9.0
751,0.675,13,9.0
752,0.675,13,9.0
753,0.675,13,9.0
754,0.675,13,9.0
755,0.7,13,9.0
756,0.7,12,7.0
757,0.7,12,7.0
758,0.7,12,7.0
759,0.7,12,7.0
760,0.7,12,7.0
761,0.7,12,7.0
762,0.675,12,7.0
763,0.675,11,7.0
764,0.65,11,7.0
765,0.65,11,7.0
766,0.65,11,7.0
767,0.65,11,7.0
768,0.65,11,7.0
769,0.65,11,7.0
770,0.6,11,7.0
771,0.75,11,7.0
772,0.75,8,9.0
773,0.75,8,9.0
774,0.75,8,9.0
775,0.75,8,9.0
776,0.75,8,9.0
777,0.75,8,9.0
778,0.725,8,9.0
779,0.7,8,9.0
780,0.7,8,9.0
781,0.65,8,9.0
782,0.625,8,9.0
783,0.625,8,9.0
784,0.625,8,9.0
785,0.625,8,9.0
786,0.625,8,9.0
787,0.625,8,9.0
788,0.625,7,8.0
789,0.625,7,8.0
790,0.625,7,8.0
791,0.625,7,8.0
792,0.625,7,7.0
793,0.625,7,7.0
794,0.625,7,7.0
795,0.575,7,7.0
796,0.575,7,7.0
797,0.575,7,7.0
798,0.575,7,7.0
799,0.575,7,7.0
800,0.575,7,7.0
801,0.575,7,7.0
802,0.575,7,7.0
803,0.575,7,7.0
804,0.525,7,5.0
805,0.5,7,5.0
806,0.5,7,5.0
807,0.5,7,5.0
808,0.5,7,5.0
809,0.5,7,5.0
810,0.5,7,5.0
811,0.5,7,5.0
812,0.5,6,5.0
813,0.55,5,5.0
814,0.55,5,5.0
815,0.55,5,5.0
816,0.55,5,5.0
817,0.55,5,5.0
818,0.525,5,5.0
819,0.5,5,5.0
820,0.5,5,5.0
821,0.5,6,5.0
822,0.525,5,5.0
823,0.475,5,5.0
824,0.475,4,5.0
825,0.475,4,5.0
826,0.475,4,5.0
827,0.475,4,5.0
828,0.475,4,6.0
829,0.475,4,6.0
830,0.475,4,6.0
831,0.475,5,6.0
832,0.475,3,4.0
833,0.475,3,4.0
834,0.475,3,4.0
835,0.475,3,4.0
836,0.475,3,6.0
837,0.475,3,6.0
838,0.475,3,6.0
839,0.475,3,6.0
840,0.475,3,6.0
841,0.475,3,6.0
842,0.475,3,6.0
843,0.45,3,6.0
844,0.45,3,6.0
845,0.4,3,6.0
846,0.4,3,6.0
847,0.4,3,6.0
848,0.4,3,6.0
849,0.35,3,6.0
850,0.35,3,6.0
851,0.35,3,6.0
852,0.35,3,6.0
853,0.35,3,6.0
854,0.35,3,6.0
855,0.35,3,6.0
856,0.35,3,6.0
857,0.4,3,6.0
858,0.375,3,6.0
859,0.375,3,6.0
860,0.375,1,6.0
861,0.375,1,6.0
862,0.375,1,6.0
863,0.375,1,6.0
864,0.375,1,6.0
865,0.375,1,6.0
866,0.375,1,6.0
867,0.375,1,6.0
868,0.375,1,6.0
869,0.375,1,6.0
870,0.375,1,6.0
871,0.375,1,6.0
872,0.375,1,6.0
873,0.375,1,6.0
874,0.375,1,6.0
875,0.375,1,6.0
876,0.35,1,6.0
877,0.35,1,6.0
878,0.35,1,6.0
879,0.325,1,6.0
880,0.325,1,6.0
881,0.325,1,6.0
882,0.325,1,6.0
883,0.325,1,6.0
884,0.3,1,5.0
885,0.25,1,5.0
886,0.25,1,5.0
887,0.25,1,5.0
888,0.25,1,5.0
889,0.25,1,5.0
890,0.25,1,5.0
891,0.25,1,5.0
892,0.25,1,4.0
893,0.25,1,4.0
894,0.25,1,4.0
895,0.25,1,4.0
896,0.25,1,4.0
897,0.25,1,4.0
898,0.25,1,4.0
899,0.25,1,4.0
900,0.25,1,4.0
901,0.25,1,4.0
902,0.25,1,4.0
903,0.25,1,4.0
904,0.25,1,4.0
905,0.25,1,4.0
906,0.25,1,4.0
907,0.25,1,4.0
908,0.25,1,4.0
909,0.25,1,4.0
910,0.25,1,4.0
911,0.25,1,4.0
912,0.25,1,4.0
913,0.25,1,4.0
914,0.25,1,4.0
915,0.25,1,4.0
916,0.25,1,4.0
917,0.25,1,4.0
918,0.25,1,4.0
919,0.25,1,4.0
920,0.25,1,4.0
921,0.25,1,4.0
922,0.25,1,4.0
923,0.25,1,4.0
924,0.25,1,4.0
925,0.25,1,4.0
926,0.25,1,4.0
927,0.25,1,4.0
928,0.25,1,4.0
929,0.25,1,4.0
930,0.25,1,4.0
931,0.25,1,4.0
932,0.25,1,4.0
933,0.25,1,4.0
934,0.25,1,4.0
935,0.25,1,4.0
936,0.25,1,4.0
937,0.25,1,4.0
938,0.225,1,4.0
939,0.225,1,4.0
940,0.225,1,4.0
941,0.225,1,4.0
942,0.225,1,4.0
943,0.225,1,4.0
944,0.225,1,4.0
945,0.225,1,4.0
946,0.225,1,4.0
947,0.225,1,4.0
948,0.225,1,4.0
949,0.225,1,4.0
950,0.225,1,4.0
951,0.2,1,4.0
952,0.175,1,4.0
953,0.175,1,4.0
954,0.175,1,4.0
955,0.175,1,4.0
956,0.175,1,4.0
957,0.175,1,4.0
958,0.175,1,4.0
959,0.175,2,4.0
960,0.225,0,4.0
961,0.225,0,4.0
962,0.225,0,4.0
963,0.225,0,4.0
964,0.225,0,4.0
965,0.225,0,4.0
966,0.225,0,4.0
967,0.225,0,4.0
968,0.225,0,4.0
969,0.175,0,4.0
970,0.175,0,4.0
971,0.175,0,4.0
972,0.175,0,4.0
973,0.175,0,4.0
974,0.175,0,4.0
975,0.175,0,4.0
976,0.175,0,2.0
977,0.175,0,2.0
978,0.175,0,2.0
979,0.175,0,2.0
980,0.175,0,2.0
981,0.175,0,2.0
982,0.175,0,2.0
983,0.175,0,2.0
984,0.175,0,2.0
985,0.175,0,2.0
986,0.175,0,2.0
987,0.175,0,2.0
988,0.175,0,2.0
989,0.175,0,2.0
990,0.175,0,2.0
991,0.175,0,2.0
992,0.175,0,2.0
993,0.175,0,2.0
994,0.175,0,2.0
995,0.175,0,2.0
996,0.175,0,2.0
997,0.175,0,2.0
998,0.175,0,2.0
999,0.175,0,2.0
1000,0.175,0,2.0
1001,0.175,0,2.0
1002,0.175,0,2.0
1003,0.175,0,2.0
1004,0.175,0,2.0
1005,0.175,0,2.0
1006,0.175,0,2.0
1007,0.175,0,2.0
1008,0.175,0,2.0
1009,0.175,0,2.0
1010,0.175,0,2.0
1011,0.175,0,2.0
1012,0.175,0,2.0
1013,0.175,0,2.0
1014,0.175,0,2.0
1015,0.175,0,2.0
1016,0.175,0,2.0
1017,0.175,0,2.0
1018,0.175,0,2.0
1019,0.175,0,2.0
1020,0.175,0,2.0
1021,0.175,0,2.0
1022,0.175,0,2.0
1023,0.175,0,2.0
1024,0.175,0,2.0
1025,0.175,0,2.0
1026,0.175,0,2.0
1027,0.175,0,2.0
1028,0.175,0,2.0
1029,0.175,0,2.0
1030,0.175,0,2.0
1031,0.175,0,2.0
1032,0.175,0,2.0
1033,0.175,0,2.0
1034,0.175,0,2.0
1035,0.175,0,2.0
1036,0.175,0,2.0
1037,0.175,0,2.0
1038,0.175,0,2.0
1039,0.175,0,2.0
1040,0.175,0,2.0
1041,0.175,0,2.0
1042,0.175,0,2.0
1043,0.175,0,2.0
1044,0.175,0,2.0
1045,0.175,0,2.0
1046,0.175,0,2.0
1047,0.175,0,2.0
1048,0.175,0,2.0
1049,0.175,0,2.0
1050,0.175,0,2.0
1051,0.175,0,2.0
1052,0.175,0,2.0
1053,0.175,0,2.0
1054,0.175,0,2.0
1055,0.175,0,2.0
1056,0.175,0,2.0
1057,0.175,0,2.0
1058,0.175,0,2.0
1059,0.175,0,2.0
1060,0.175,0,2.0
1061,0.175,0,2.0
1062,0.175,0,2.0
1063,0.175,0,2.0
1064,0.175,0,2.0
1065,0.15,0,2.0
1066,0.15,0,2.0
1067,0.15,0,2.0
1068,0.15,0,2.0
1069,0.15,0,2.0
1070,0.15,0,2.0
1071,0.15,0,2.0
1072,0.15,0,2.0
1073,0.15,0,2.0
1074,0.15,0,2.0
1075,0.15,0,2.0
1076,0.15,0,2.0
1077,0.15,0,2.0
1078,0.15,0,2.0
1079,0.15,0,2.0
1080,0.15,0,2.0
1081,0.15,0,2.0
1082,0.15,0,2.0
1083,0.15,0,2.0
1084,0.15,0,2.0
1085,0.15,0,2.0
1086,0.15,0,2.0
1087,0.15,0,2.0
1088,0.05,0,2.0
1089,0.05,0,2.0
1090,0.05,0,2.0
1091,0.05,0,2.0
1092,0.05,0,2.0
1093,0.05,0,2.0
1094,0.05,0,2.0
1095,0.05,0,2.0
1096,0.05,0,0.0
1097,0.05,0,0.0
1098,0.05,0,0.0
1099,0.05,0,0.0
1100,0.05,0,0.0
1101,0.05,0,0.0
1102,0.05,0,0.0
1103,0.05,0,0.0
1104,0.05,0,0.0
1105,0.05,0,0.0
1106,0.05,0,0.0
1107,0.05,0,0.0
1108,0.05,0,0.0
1109,0.05,0,0.0
1110,0.05,0,0.0
1111,0.05,0,0.0
1112,0.05,0,0.0
1113,0.05,0,0.0
1114,0.05,0,0.0
1115,0.05,0,0.0
1116,0.05,0,0.0
1117,0.05,0,0.0
1118,0.05,0,0.0
1119,0.05,0,0.0
1120,0.05,0,0.0
1121,0.05,0,0.0
1122,0.05,0,0.0
1123,0.05,0,0.0
1124,0.05,0,0.0
1125,0.05,0,0.0
1126,0.05,0,0.0
1127,0.05,0,0.0
1128,0.05,0,0.0
1129,0.05,0,0.0
1130,0.05,0,0.0
1131,0.05,0,0.0
1132,0.05,0,0.0
1133,0.05,0,0.0
1134,0.05,0,0.0
1135,0.025,0,0.0
1136,0.025,0,0.0
1137,0.025,0,0.0
1138,0.025,0,0.0
1139,0.025,0,0.0
1140,0.025,0,0.0
1141,0.025,0,0.0
1142,0.025,0,0.0
1143,0.025,0,0.0
1144,0.025,0,0.0
1145,0.025,0,0.0
1146,0.025,0,0.0
1147,0.025,0,0.0
1148,0.025,0,0.0
1149,0.025,0,0.0
1150,0.025,0,0.0
1151,0.0,0,0.0
1152,0.0,0,0.0
1153,0.0,0,0.0
1154,0.0,0,0.0
1155,0.0,0,0.0
1156,0.0,0,0.0
1157,0.0,0,0.0
1158,0.0,0,0.0
1159,0.0,0,0.0
1160,0.0,0,0.0
1161,0.0,0,0.0
1162,0.0,0,0.0
1163,0.0,0,0.0
1164,0.0,0,0.0
1165,0.0,0,0.0
1166,0.0,0,0.0
1167,0.0,0,0.0
1168,0.0,0,0.0
1169,0.0,0,0.0
1170,0.0,0,0.0
1171,0.0,0,0.0
